School_ID,Phone_Number,Link
400018,(773) 534-6316,
609674,(773) 535-6100,http://schoolreports.cps.edu/SchoolProgressReport_Eng/Spring2011Eng_609674.pdf
609676,(773) 534-9000,http://schoolreports.cps.edu/SchoolProgressReport_Eng/Spring2011Eng_609676.pdf
609678,(773) 534-8600,http://schoolreports.cps.edu/SchoolProgressReport_Eng/Spring2011Eng_609678.pdf
609679,(773) 534-3200,http://schoolreports.cps.edu/SchoolProgressReport_Eng/Spring2011Eng_609679.pdf
609680,(773) 534-0034,http://schoolreports.cps.edu/SchoolProgressReport_Eng/Spring2011Eng_609680.pdf
609682,(773) 535-4945,http://schoolreports.cps.edu/SchoolProgressReport_Eng/Spring2011Eng_609682.pdf
609691,(773) 534-8520,http://schoolreports.cps.edu/SchoolProgressReport_Eng/Spring2011Eng_609691.pdf
609692,(773) 535-3200,http://schoolreports.cps.edu/SchoolProgressReport_Eng/Spring2011Eng_609692.pdf
609693,(773) 534-6400,http://schoolreports.cps.edu/SchoolProgressReport_Eng/Spring2011Eng_609693.pdf
609694,(773) 535-2410,http://schoolreports.cps.edu/SchoolProgressReport_Eng/Spring2011Eng_609694.pdf
609695,(773) 534-2320,http://schoolreports.cps.edu/SchoolProgressReport_Eng/Spring2011Eng_609695.pdf
609698,(773) 535-2180,http://schoolreports.cps.edu/SchoolProgressReport_Eng/Spring2011Eng_609698.pdf
609702,(773) 534-7550,http://schoolreports.cps.edu/SchoolProgressReport_Eng/Spring2011Eng_609702.pdf
609704,(773) 534-1300,http://schoolreports.cps.edu/SchoolProgressReport_Eng/Spring2011Eng_609704.pdf
609705,(773) 535-5430,http://schoolreports.cps.edu/SchoolProgressReport_Eng/Spring2011Eng_609705.pdf
609707,(773) 535-3800,http://schoolreports.cps.edu/SchoolProgressReport_Eng/Spring2011Eng_609707.pdf
609708,(773) 534-3400,http://schoolreports.cps.edu/SchoolProgressReport_Eng/Spring2011Eng_609708.pdf
609709,(773) 535-9230,http://schoolreports.cps.edu/SchoolProgressReport_Eng/Spring2011Eng_609709.pdf
609710,(773) 535-5400,http://schoolreports.cps.edu/SchoolProgressReport_Eng/Spring2011Eng_609710.pdf
609711,(773) 535-9150,http://schoolreports.cps.edu/SchoolProgressReport_Eng/Spring2011Eng_609711.pdf
609712,(773) 535-3100,http://schoolreports.cps.edu/SchoolProgressReport_Eng/Spring2011Eng_609712.pdf
609713,(773) 535-0880,http://schoolreports.cps.edu/SchoolProgressReport_Eng/Spring2011Eng_609713.pdf
609715,(773) 535-4900,http://schoolreports.cps.edu/SchoolProgressReport_Eng/Spring2011Eng_609715.pdf
609716,(773) 534-4200,http://schoolreports.cps.edu/SchoolProgressReport_Eng/Spring2011Eng_609716.pdf
609718,(773) 535-2325,http://schoolreports.cps.edu/SchoolProgressReport_Eng/Spring2011Eng_609718.pdf
609719,(773) 534-5440,http://schoolreports.cps.edu/SchoolProgressReport_Eng/Spring2011Eng_609719.pdf
609720,(773) 534-5400,http://schoolreports.cps.edu/SchoolProgressReport_Eng/Spring2011Eng_609720.pdf
609722,(773) 534-6900,http://schoolreports.cps.edu/SchoolProgressReport_Eng/Spring2011Eng_609722.pdf
609723,(773) 534-6455,http://schoolreports.cps.edu/SchoolProgressReport_Eng/Spring2011Eng_609723.pdf
609724,(773) 534-2350,http://schoolreports.cps.edu/SchoolProgressReport_Eng/Spring2011Eng_609724.pdf
609725,(773) 535-2550,http://schoolreports.cps.edu/SchoolProgressReport_Eng/Spring2011Eng_609725.pdf
609726,(773) 535-9930,http://schoolreports.cps.edu/SchoolProgressReport_Eng/Spring2011Eng_609726.pdf
609727,(773) 535-1603,http://schoolreports.cps.edu/SchoolProgressReport_Eng/Spring2011Eng_609727.pdf
609728,(773) 534-5000,http://schoolreports.cps.edu/SchoolProgressReport_Eng/Spring2011Eng_609728.pdf
609729,(773) 534-3420,http://schoolreports.cps.edu/SchoolProgressReport_Eng/Spring2011Eng_609729.pdf
609730,(773) 534-2365,http://schoolreports.cps.edu/SchoolProgressReport_Eng/Spring2011Eng_609730.pdf
609732,(773) 534-3030,http://schoolreports.cps.edu/SchoolProgressReport_Eng/Spring2011Eng_609732.pdf
609733,(773) 534-2000,http://schoolreports.cps.edu/SchoolProgressReport_Eng/Spring2011Eng_609733.pdf
609734,(773) 534-1000,http://schoolreports.cps.edu/SchoolProgressReport_Eng/Spring2011Eng_609734.pdf
609735,(773) 535-1625,http://schoolreports.cps.edu/SchoolProgressReport_Eng/Spring2011Eng_609735.pdf
609736,(773) 535-1825,http://schoolreports.cps.edu/SchoolProgressReport_Eng/Spring2011Eng_609736.pdf
609737,(773) 534-5100,http://schoolreports.cps.edu/SchoolProgressReport_Eng/Spring2011Eng_609737.pdf
609738,(773) 534-8130,http://schoolreports.cps.edu/SchoolProgressReport_Eng/Spring2011Eng_609738.pdf
609739,(773) 535-5725,http://schoolreports.cps.edu/SchoolProgressReport_Eng/Spring2011Eng_609739.pdf
609740,(773) 534-7010,http://schoolreports.cps.edu/SchoolProgressReport_Eng/Spring2011Eng_609740.pdf
609741,(773) 535-2200,http://schoolreports.cps.edu/SchoolProgressReport_Eng/Spring2011Eng_609741.pdf
609744,(773) 534-5180,http://schoolreports.cps.edu/SchoolProgressReport_Eng/Spring2011Eng_609744.pdf
609745,(773) 535-9100,http://schoolreports.cps.edu/SchoolProgressReport_Eng/Spring2011Eng_609745.pdf
609746,(773) 535-1350,http://schoolreports.cps.edu/SchoolProgressReport_Eng/Spring2011Eng_609746.pdf
609749,(773) 534-3954,http://schoolreports.cps.edu/SchoolProgressReport_Eng/Spring2011Eng_609749.pdf
609751,(773) 535-1180,http://schoolreports.cps.edu/SchoolProgressReport_Eng/Spring2011Eng_609751.pdf
609753,(773) 535-2500,http://schoolreports.cps.edu/SchoolProgressReport_Eng/Spring2011Eng_609753.pdf
609754,(773) 534-9750,http://schoolreports.cps.edu/SchoolProgressReport_Eng/Spring2011Eng_609754.pdf
609755,(773) 534-7500,http://schoolreports.cps.edu/SchoolProgressReport_Eng/Spring2011Eng_609755.pdf
609756,(773) 535-2100,http://schoolreports.cps.edu/SchoolProgressReport_Eng/Spring2011Eng_609756.pdf
609759,(773) 534-4000,http://schoolreports.cps.edu/SchoolProgressReport_Eng/Spring2011Eng_609759.pdf
609760,(773) 535-5250,http://schoolreports.cps.edu/SchoolProgressReport_Eng/Spring2011Eng_609760.pdf
609761,(773) 535-5115,http://schoolreports.cps.edu/SchoolProgressReport_Eng/Spring2011Eng_609761.pdf
609762,(773) 535-5170,http://schoolreports.cps.edu/SchoolProgressReport_Eng/Spring2011Eng_609762.pdf
609764,(773) 534-7030,http://schoolreports.cps.edu/SchoolProgressReport_Eng/Spring2011Eng_609764.pdf
609766,(773) 534-3600,http://schoolreports.cps.edu/SchoolProgressReport_Eng/Spring2011Eng_609766.pdf
609768,(773) 535-3160,http://schoolreports.cps.edu/SchoolProgressReport_Eng/Spring2011Eng_609768.pdf
609769,(773) 534-9257,http://schoolreports.cps.edu/SchoolProgressReport_Eng/Spring2011Eng_609769.pdf
609772,(773) 535-6210,http://schoolreports.cps.edu/SchoolProgressReport_Eng/Spring2011Eng_609772.pdf
609773,(773) 534-5725,http://schoolreports.cps.edu/SchoolProgressReport_Eng/Spring2011Eng_609773.pdf
609774,(773) 534-5460,http://schoolreports.cps.edu/SchoolProgressReport_Eng/Spring2011Eng_609774.pdf
609775,(773) 535-3250,http://schoolreports.cps.edu/SchoolProgressReport_Eng/Spring2011Eng_609775.pdf
609777,(773) 535-4530,http://schoolreports.cps.edu/SchoolProgressReport_Eng/Spring2011Eng_609777.pdf
609779,(773) 534-2150,http://schoolreports.cps.edu/SchoolProgressReport_Eng/Spring2011Eng_609779.pdf
609780,(773) 534-4970,http://schoolreports.cps.edu/SchoolProgressReport_Eng/Spring2011Eng_609780.pdf
609781,(773) 535-1270,http://schoolreports.cps.edu/SchoolProgressReport_Eng/Spring2011Eng_609781.pdf
609782,(773) 534-5470,http://schoolreports.cps.edu/SchoolProgressReport_Eng/Spring2011Eng_609782.pdf
609786,(773) 535-6615,http://schoolreports.cps.edu/SchoolProgressReport_Eng/Spring2011Eng_609786.pdf
609788,(773) 535-2625,http://schoolreports.cps.edu/SchoolProgressReport_Eng/Spring2011Eng_609788.pdf
609789,(773) 534-3455,http://schoolreports.cps.edu/SchoolProgressReport_Eng/Spring2011Eng_609789.pdf
609790,(773) 535-3260,http://schoolreports.cps.edu/SchoolProgressReport_Eng/Spring2011Eng_609790.pdf
609791,(773) 535-3275,http://schoolreports.cps.edu/SchoolProgressReport_Eng/Spring2011Eng_609791.pdf
609792,(773) 534-5055,http://schoolreports.cps.edu/SchoolProgressReport_Eng/Spring2011Eng_609792.pdf
609793,(773) 535-3285,http://schoolreports.cps.edu/SchoolProgressReport_Eng/Spring2011Eng_609793.pdf
609794,(773) 534-0540,http://schoolreports.cps.edu/SchoolProgressReport_Eng/Spring2011Eng_609794.pdf
609795,(773) 534-6225,http://schoolreports.cps.edu/SchoolProgressReport_Eng/Spring2011Eng_609795.pdf
609796,(773) 534-3500,http://schoolreports.cps.edu/SchoolProgressReport_Eng/Spring2011Eng_609796.pdf
609797,(773) 534-6811,http://schoolreports.cps.edu/SchoolProgressReport_Eng/Spring2011Eng_609797.pdf
609798,(773) 534-3590,http://schoolreports.cps.edu/SchoolProgressReport_Eng/Spring2011Eng_609798.pdf
609799,(773) 534-5150,http://schoolreports.cps.edu/SchoolProgressReport_Eng/Spring2011Eng_609799.pdf
609800,(773) 535-5460,http://schoolreports.cps.edu/SchoolProgressReport_Eng/Spring2011Eng_609800.pdf
609803,(773) 534-5750,http://schoolreports.cps.edu/SchoolProgressReport_Eng/Spring2011Eng_609803.pdf
609804,(773) 534-2160,http://schoolreports.cps.edu/SchoolProgressReport_Eng/Spring2011Eng_609804.pdf
609805,(773) 535-3425,http://schoolreports.cps.edu/SchoolProgressReport_Eng/Spring2011Eng_609805.pdf
609806,(773) 535-6600,http://schoolreports.cps.edu/SchoolProgressReport_Eng/Spring2011Eng_609806.pdf
609807,(773) 535-4030,http://schoolreports.cps.edu/SchoolProgressReport_Eng/Spring2011Eng_609807.pdf
609808,(773) 535-5340,http://schoolreports.cps.edu/SchoolProgressReport_Eng/Spring2011Eng_609808.pdf
609809,(773) 534-4100,http://schoolreports.cps.edu/SchoolProgressReport_Eng/Spring2011Eng_609809.pdf
609810,(773) 534-3718,http://schoolreports.cps.edu/SchoolProgressReport_Eng/Spring2011Eng_609810.pdf
609811,(773) 535-6215,http://schoolreports.cps.edu/SchoolProgressReport_Eng/Spring2011Eng_609811.pdf
609812,(773) 534-7250,http://schoolreports.cps.edu/SchoolProgressReport_Eng/Spring2011Eng_609812.pdf
609813,(773) 535-3030,http://schoolreports.cps.edu/SchoolProgressReport_Eng/Spring2011Eng_609813.pdf
609815,(773) 535-0501,http://schoolreports.cps.edu/SchoolProgressReport_Eng/Spring2011Eng_609815.pdf
609817,(773) 534-2591,http://schoolreports.cps.edu/SchoolProgressReport_Eng/Spring2011Eng_609817.pdf
609818,(773) 534-3000,http://schoolreports.cps.edu/SchoolProgressReport_Eng/Spring2011Eng_609818.pdf
609819,(773) 535-1325,http://schoolreports.cps.edu/SchoolProgressReport_Eng/Spring2011Eng_609819.pdf
609820,(773) 534-5475,http://schoolreports.cps.edu/SchoolProgressReport_Eng/Spring2011Eng_609820.pdf
609821,(773) 535-6530,http://schoolreports.cps.edu/SchoolProgressReport_Eng/Spring2011Eng_609821.pdf
609826,(773) 534-1620,http://schoolreports.cps.edu/SchoolProgressReport_Eng/Spring2011Eng_609826.pdf
609827,(773) 535-3300,http://schoolreports.cps.edu/SchoolProgressReport_Eng/Spring2011Eng_609827.pdf
609828,(773) 534-4090,http://schoolreports.cps.edu/SchoolProgressReport_Eng/Spring2011Eng_609828.pdf
609829,(773) 535-7226,http://schoolreports.cps.edu/SchoolProgressReport_Eng/Spring2011Eng_609829.pdf
609830,(773) 534-6025,http://schoolreports.cps.edu/SchoolProgressReport_Eng/Spring2011Eng_609830.pdf
609832,(773) 535-2170,http://schoolreports.cps.edu/SchoolProgressReport_Eng/Spring2011Eng_609832.pdf
609833,(773) 535-6300,http://schoolreports.cps.edu/SchoolProgressReport_Eng/Spring2011Eng_609833.pdf
609834,(773) 534-1880,http://schoolreports.cps.edu/SchoolProgressReport_Eng/Spring2011Eng_609834.pdf
609835,(773) 534-4290,http://schoolreports.cps.edu/SchoolProgressReport_Eng/Spring2011Eng_609835.pdf
609836,(773) 534-1238,http://schoolreports.cps.edu/SchoolProgressReport_Eng/Spring2011Eng_609836.pdf
609837,(773) 535-0530,http://schoolreports.cps.edu/SchoolProgressReport_Eng/Spring2011Eng_609837.pdf
609839,(773) 535-9414,http://schoolreports.cps.edu/SchoolProgressReport_Eng/Spring2011Eng_609839.pdf
609842,(773) 535-9222,http://schoolreports.cps.edu/SchoolProgressReport_Eng/Spring2011Eng_609842.pdf
609844,(773) 535-0860,http://schoolreports.cps.edu/SchoolProgressReport_Eng/Spring2011Eng_609844.pdf
609845,(773) 535-5674,http://schoolreports.cps.edu/SchoolProgressReport_Eng/Spring2011Eng_609845.pdf
609848,(773) 535-5614,http://schoolreports.cps.edu/SchoolProgressReport_Eng/Spring2011Eng_609848.pdf
609849,(773) 535-2640,http://schoolreports.cps.edu/SchoolProgressReport_Eng/Spring2011Eng_609849.pdf
609850,(773) 534-5800,http://schoolreports.cps.edu/SchoolProgressReport_Eng/Spring2011Eng_609850.pdf
609851,(773) 534-1720,http://schoolreports.cps.edu/SchoolProgressReport_Eng/Spring2011Eng_609851.pdf
609852,(773) 534-2390,http://schoolreports.cps.edu/SchoolProgressReport_Eng/Spring2011Eng_609852.pdf
609853,(773) 534-4185,http://schoolreports.cps.edu/SchoolProgressReport_Eng/Spring2011Eng_609853.pdf
609854,(773) 534-4080,http://schoolreports.cps.edu/SchoolProgressReport_Eng/Spring2011Eng_609854.pdf
609855,(773) 535-9375,http://schoolreports.cps.edu/SchoolProgressReport_Eng/Spring2011Eng_609855.pdf
609856,(773) 535-5600,http://schoolreports.cps.edu/SchoolProgressReport_Eng/Spring2011Eng_609856.pdf
609857,(773) 534-5130,http://schoolreports.cps.edu/SchoolProgressReport_Eng/Spring2011Eng_609857.pdf
609859,(773) 534-2025,http://schoolreports.cps.edu/SchoolProgressReport_Eng/Spring2011Eng_609859.pdf
609861,(773) 535-2560,http://schoolreports.cps.edu/SchoolProgressReport_Eng/Spring2011Eng_609861.pdf
609862,(773) 535-6550,http://schoolreports.cps.edu/SchoolProgressReport_Eng/Spring2011Eng_609862.pdf
609863,(773) 534-4350,http://schoolreports.cps.edu/SchoolProgressReport_Eng/Spring2011Eng_609863.pdf
609864,(773) 535-3315,http://schoolreports.cps.edu/SchoolProgressReport_Eng/Spring2011Eng_609864.pdf
609865,(773) 534-2220,http://schoolreports.cps.edu/SchoolProgressReport_Eng/Spring2011Eng_609865.pdf
609866,(773) 534-5140,http://schoolreports.cps.edu/SchoolProgressReport_Eng/Spring2011Eng_609866.pdf
609867,(773) 534-7205,http://schoolreports.cps.edu/SchoolProgressReport_Eng/Spring2011Eng_609867.pdf
609869,(773) 535-9180,http://schoolreports.cps.edu/SchoolProgressReport_Eng/Spring2011Eng_609869.pdf
609870,(773) 534-1650,http://schoolreports.cps.edu/SchoolProgressReport_Eng/Spring2011Eng_609870.pdf
609871,(773) 535-2671,http://schoolreports.cps.edu/SchoolProgressReport_Eng/Spring2011Eng_609871.pdf
609872,(773) 534-7650,http://schoolreports.cps.edu/SchoolProgressReport_Eng/Spring2011Eng_609872.pdf
609873,(773) 534-1680,http://schoolreports.cps.edu/SchoolProgressReport_Eng/Spring2011Eng_609873.pdf
609874,(773) 534-1090,http://schoolreports.cps.edu/SchoolProgressReport_Eng/Spring2011Eng_609874.pdf
609875,(773) 534-4110,http://schoolreports.cps.edu/SchoolProgressReport_Eng/Spring2011Eng_609875.pdf
609876,(773) 535-4540,http://schoolreports.cps.edu/SchoolProgressReport_Eng/Spring2011Eng_609876.pdf
609879,(773) 535-2350,http://schoolreports.cps.edu/SchoolProgressReport_Eng/Spring2011Eng_609879.pdf
609880,(773) 534-2201,http://schoolreports.cps.edu/SchoolProgressReport_Eng/Spring2011Eng_609880.pdf
609881,(773) 534-6620,http://schoolreports.cps.edu/SchoolProgressReport_Eng/Spring2011Eng_609881.pdf
609883,(773) 535-3035,http://schoolreports.cps.edu/SchoolProgressReport_Eng/Spring2011Eng_609883.pdf
609884,(773) 534-3090,http://schoolreports.cps.edu/SchoolProgressReport_Eng/Spring2011Eng_609884.pdf
609885,(773) 535-1666,http://schoolreports.cps.edu/SchoolProgressReport_Eng/Spring2011Eng_609885.pdf
609887,(773) 535-3834,http://schoolreports.cps.edu/SchoolProgressReport_Eng/Spring2011Eng_609887.pdf
609888,(773) 534-6640,http://schoolreports.cps.edu/SchoolProgressReport_Eng/Spring2011Eng_609888.pdf
609891,(773) 535-1040,http://schoolreports.cps.edu/SchoolProgressReport_Eng/Spring2011Eng_609891.pdf
609893,(773) 535-2080,http://schoolreports.cps.edu/SchoolProgressReport_Eng/Spring2011Eng_609893.pdf
609894,(773) 534-9129,http://schoolreports.cps.edu/SchoolProgressReport_Eng/Spring2011Eng_609894.pdf
609895,(773) 535-5720,http://schoolreports.cps.edu/SchoolProgressReport_Eng/Spring2011Eng_609895.pdf
609896,(773) 534-4120,http://schoolreports.cps.edu/SchoolProgressReport_Eng/Spring2011Eng_609896.pdf
609897,(773) 535-9130,http://schoolreports.cps.edu/SchoolProgressReport_Eng/Spring2011Eng_609897.pdf
609898,(773) 535-9190,http://schoolreports.cps.edu/SchoolProgressReport_Eng/Spring2011Eng_609898.pdf
609899,(773) 534-1070,http://schoolreports.cps.edu/SchoolProgressReport_Eng/Spring2011Eng_609899.pdf
609900,(773) 535-5050,http://schoolreports.cps.edu/SchoolProgressReport_Eng/Spring2011Eng_609900.pdf
609901,(773) 534-1194,http://schoolreports.cps.edu/SchoolProgressReport_Eng/Spring2011Eng_609901.pdf
609902,(773) 535-5590,http://schoolreports.cps.edu/SchoolProgressReport_Eng/Spring2011Eng_609902.pdf
609903,(773) 535-4875,http://schoolreports.cps.edu/SchoolProgressReport_Eng/Spring2011Eng_609903.pdf
609904,(773) 534-6361,http://schoolreports.cps.edu/SchoolProgressReport_Eng/Spring2011Eng_609904.pdf
609906,(773) 534-6050,http://schoolreports.cps.edu/SchoolProgressReport_Eng/Spring2011Eng_609906.pdf
609907,(773) 534-6660,http://schoolreports.cps.edu/SchoolProgressReport_Eng/Spring2011Eng_609907.pdf
609908,(773) 535-2650,http://schoolreports.cps.edu/SchoolProgressReport_Eng/Spring2011Eng_609908.pdf
609909,(773) 535-4550,http://schoolreports.cps.edu/SchoolProgressReport_Eng/Spring2011Eng_609909.pdf
609910,(773) 534-3560,http://schoolreports.cps.edu/SchoolProgressReport_Eng/Spring2011Eng_609910.pdf
609912,(773) 534-3535,http://schoolreports.cps.edu/SchoolProgressReport_Eng/Spring2011Eng_609912.pdf
609913,(773) 535-9365,http://schoolreports.cps.edu/SchoolProgressReport_Eng/Spring2011Eng_609913.pdf
609916,(773) 535-0540,http://schoolreports.cps.edu/SchoolProgressReport_Eng/Spring2011Eng_609916.pdf
609917,(773) 535-2700,http://schoolreports.cps.edu/SchoolProgressReport_Eng/Spring2011Eng_609917.pdf
609918,(773) 534-2030,http://schoolreports.cps.edu/SchoolProgressReport_Eng/Spring2011Eng_609918.pdf
609919,(773) 535-0990,http://schoolreports.cps.edu/SchoolProgressReport_Eng/Spring2011Eng_609919.pdf
609920,(773) 534-1736,http://schoolreports.cps.edu/SchoolProgressReport_Eng/Spring2011Eng_609920.pdf
609921,(773) 534-1402,http://schoolreports.cps.edu/SchoolProgressReport_Eng/Spring2011Eng_609921.pdf
609922,(773) 534-2900,http://schoolreports.cps.edu/SchoolProgressReport_Eng/Spring2011Eng_609922.pdf
609924,(773) 535-2680,http://schoolreports.cps.edu/SchoolProgressReport_Eng/Spring2011Eng_609924.pdf
609925,(773) 534-6602,http://schoolreports.cps.edu/SchoolProgressReport_Eng/Spring2011Eng_609925.pdf
609926,(773) 534-8510,http://schoolreports.cps.edu/SchoolProgressReport_Eng/Spring2011Eng_609926.pdf
609927,(773) 535-2725,http://schoolreports.cps.edu/SchoolProgressReport_Eng/Spring2011Eng_609927.pdf
609928,(773) 535-1687,http://schoolreports.cps.edu/SchoolProgressReport_Eng/Spring2011Eng_609928.pdf
609929,(773) 535-9000,http://schoolreports.cps.edu/SchoolProgressReport_Eng/Spring2011Eng_609929.pdf
609930,(773) 534-4125,http://schoolreports.cps.edu/SchoolProgressReport_Eng/Spring2011Eng_609930.pdf
609932,(773) 535-5661,http://schoolreports.cps.edu/SchoolProgressReport_Eng/Spring2011Eng_609932.pdf
609933,(773) 534-2100,http://schoolreports.cps.edu/SchoolProgressReport_Eng/Spring2011Eng_609933.pdf
609935,(773) 535-6540,http://schoolreports.cps.edu/SchoolProgressReport_Eng/Spring2011Eng_609935.pdf
609937,(773) 534-1185,http://schoolreports.cps.edu/SchoolProgressReport_Eng/Spring2011Eng_609937.pdf
609938,(773) 534-1455,http://schoolreports.cps.edu/SchoolProgressReport_Eng/Spring2011Eng_609938.pdf
609939,(773) 535-5065,http://schoolreports.cps.edu/SchoolProgressReport_Eng/Spring2011Eng_609939.pdf
609941,(773) 535-9015,http://schoolreports.cps.edu/SchoolProgressReport_Eng/Spring2011Eng_609941.pdf
609942,(773) 534-4135,http://schoolreports.cps.edu/SchoolProgressReport_Eng/Spring2011Eng_609942.pdf
609943,(773) 535-5475,http://schoolreports.cps.edu/SchoolProgressReport_Eng/Spring2011Eng_609943.pdf
609944,(773) 535-5380,http://schoolreports.cps.edu/SchoolProgressReport_Eng/Spring2011Eng_609944.pdf
609945,(773) 534-2480,http://schoolreports.cps.edu/SchoolProgressReport_Eng/Spring2011Eng_609945.pdf
609947,(773) 535-1308,http://schoolreports.cps.edu/SchoolProgressReport_Eng/Spring2011Eng_609947.pdf
609949,(773) 534-3520,http://schoolreports.cps.edu/SchoolProgressReport_Eng/Spring2011Eng_609949.pdf
609950,(773) 534-1600,http://schoolreports.cps.edu/SchoolProgressReport_Eng/Spring2011Eng_609950.pdf
609951,(773) 535-1996,http://schoolreports.cps.edu/SchoolProgressReport_Eng/Spring2011Eng_609951.pdf
609952,(773) 535-4560,http://schoolreports.cps.edu/SchoolProgressReport_Eng/Spring2011Eng_609952.pdf
609954,(773) 534-6820,http://schoolreports.cps.edu/SchoolProgressReport_Eng/Spring2011Eng_609954.pdf
609955,(773) 535-3350,http://schoolreports.cps.edu/SchoolProgressReport_Eng/Spring2011Eng_609955.pdf
609956,(773) 535-2364,http://schoolreports.cps.edu/SchoolProgressReport_Eng/Spring2011Eng_609956.pdf
609958,(773) 535-7215,http://schoolreports.cps.edu/SchoolProgressReport_Eng/Spring2011Eng_609958.pdf
609959,(773) 534-9200,http://schoolreports.cps.edu/SchoolProgressReport_Eng/Spring2011Eng_609959.pdf
609960,(773) 535-2265,http://schoolreports.cps.edu/SchoolProgressReport_Eng/Spring2011Eng_609960.pdf
609961,(773) 535-6694,http://schoolreports.cps.edu/SchoolProgressReport_Eng/Spring2011Eng_609961.pdf
609963,(773) 534-5484,http://schoolreports.cps.edu/SchoolProgressReport_Eng/Spring2011Eng_609963.pdf
609964,(773) 535-4565,http://schoolreports.cps.edu/SchoolProgressReport_Eng/Spring2011Eng_609964.pdf
609966,(773) 535-4580,http://schoolreports.cps.edu/SchoolProgressReport_Eng/Spring2011Eng_609966.pdf
609967,(773) 535-5850,http://schoolreports.cps.edu/SchoolProgressReport_Eng/Spring2011Eng_609967.pdf
609968,(773) 534-4400,http://schoolreports.cps.edu/SchoolProgressReport_Eng/Spring2011Eng_609968.pdf
609969,(773) 535-0870,http://schoolreports.cps.edu/SchoolProgressReport_Eng/Spring2011Eng_609969.pdf
609971,(773) 535-3045,http://schoolreports.cps.edu/SchoolProgressReport_Eng/Spring2011Eng_609971.pdf
609972,(773) 534-5040,http://schoolreports.cps.edu/SchoolProgressReport_Eng/Spring2011Eng_609972.pdf
609973,(773) 534-1390,http://schoolreports.cps.edu/SchoolProgressReport_Eng/Spring2011Eng_609973.pdf
609974,(773) 534-5550,http://schoolreports.cps.edu/SchoolProgressReport_Eng/Spring2011Eng_609974.pdf
609975,(773) 534-6000,http://schoolreports.cps.edu/SchoolProgressReport_Eng/Spring2011Eng_609975.pdf
609976,(773) 534-2040,http://schoolreports.cps.edu/SchoolProgressReport_Eng/Spring2011Eng_609976.pdf
609977,(773) 535-0801,http://schoolreports.cps.edu/SchoolProgressReport_Eng/Spring2011Eng_609977.pdf
609978,(773) 535-5689,http://schoolreports.cps.edu/SchoolProgressReport_Eng/Spring2011Eng_609978.pdf
609979,(773) 534-9190,http://schoolreports.cps.edu/SchoolProgressReport_Eng/Spring2011Eng_609979.pdf
609981,(773) 535-2376,http://schoolreports.cps.edu/SchoolProgressReport_Eng/Spring2011Eng_609981.pdf
609983,(773) 535-7360,http://schoolreports.cps.edu/SchoolProgressReport_Eng/Spring2011Eng_609983.pdf
609985,(773) 534-6192,http://schoolreports.cps.edu/SchoolProgressReport_Eng/Spring2011Eng_609985.pdf
609986,(773) 535-9080,http://schoolreports.cps.edu/SchoolProgressReport_Eng/Spring2011Eng_609986.pdf
609987,(773) 535-1696,http://schoolreports.cps.edu/SchoolProgressReport_Eng/Spring2011Eng_609987.pdf
609988,(773) 534-5060,http://schoolreports.cps.edu/SchoolProgressReport_Eng/Spring2011Eng_609988.pdf
609989,(773) 534-7806,http://schoolreports.cps.edu/SchoolProgressReport_Eng/Spring2011Eng_609989.pdf
609990,(773) 534-8690,http://schoolreports.cps.edu/SchoolProgressReport_Eng/Spring2011Eng_609990.pdf
609991,(773) 534-1480,http://schoolreports.cps.edu/SchoolProgressReport_Eng/Spring2011Eng_609991.pdf
609993,(773) 535-4389,http://schoolreports.cps.edu/SchoolProgressReport_Eng/Spring2011Eng_609993.pdf
609994,(773) 534-5191,http://schoolreports.cps.edu/SchoolProgressReport_Eng/Spring2011Eng_609994.pdf
609995,(773) 534-1189,http://schoolreports.cps.edu/SchoolProgressReport_Eng/Spring2011Eng_609995.pdf
609996,(773) 535-7200,http://schoolreports.cps.edu/SchoolProgressReport_Eng/Spring2011Eng_609996.pdf
609997,(773) 535-9025,http://schoolreports.cps.edu/SchoolProgressReport_Eng/Spring2011Eng_609997.pdf
610000,(773) 534-6060,http://schoolreports.cps.edu/SchoolProgressReport_Eng/Spring2011Eng_610000.pdf
610002,(773) 535-6425,http://schoolreports.cps.edu/SchoolProgressReport_Eng/Spring2011Eng_610002.pdf
610003,(773) 535-8250,http://schoolreports.cps.edu/SchoolProgressReport_Eng/Spring2011Eng_610003.pdf
610004,(773) 535-5375,http://schoolreports.cps.edu/SchoolProgressReport_Eng/Spring2011Eng_610004.pdf
610005,(773) 534-1762,http://schoolreports.cps.edu/SchoolProgressReport_Eng/Spring2011Eng_610005.pdf
610006,(773) 535-2068,http://schoolreports.cps.edu/SchoolProgressReport_Eng/Spring2011Eng_610006.pdf
610009,(773) 534-7070,http://schoolreports.cps.edu/SchoolProgressReport_Eng/Spring2011Eng_610009.pdf
610010,(773) 534-5500,http://schoolreports.cps.edu/SchoolProgressReport_Eng/Spring2011Eng_610010.pdf
610011,(773) 534-2395,http://schoolreports.cps.edu/SchoolProgressReport_Eng/Spring2011Eng_610011.pdf
610012,(773) 534-8440,http://schoolreports.cps.edu/SchoolProgressReport_Eng/Spring2011Eng_610012.pdf
610013,(773) 534-7675,http://schoolreports.cps.edu/SchoolProgressReport_Eng/Spring2011Eng_610013.pdf
610015,(773) 534-7375,http://schoolreports.cps.edu/SchoolProgressReport_Eng/Spring2011Eng_610015.pdf
610016,(773) 535-2590,http://schoolreports.cps.edu/SchoolProgressReport_Eng/Spring2011Eng_610016.pdf
610017,(773) 534-1770,http://schoolreports.cps.edu/SchoolProgressReport_Eng/Spring2011Eng_610017.pdf
610018,(773) 535-1410,http://schoolreports.cps.edu/SchoolProgressReport_Eng/Spring2011Eng_610018.pdf
610019,(773) 535-3050,http://schoolreports.cps.edu/SchoolProgressReport_Eng/Spring2011Eng_610019.pdf
610020,(773) 534-6230,http://schoolreports.cps.edu/SchoolProgressReport_Eng/Spring2011Eng_610020.pdf
610021,(773) 534-4444,http://schoolreports.cps.edu/SchoolProgressReport_Eng/Spring2011Eng_610021.pdf
610022,(773) 534-2115,http://schoolreports.cps.edu/SchoolProgressReport_Eng/Spring2011Eng_610022.pdf
610023,(773) 534-7898,http://schoolreports.cps.edu/SchoolProgressReport_Eng/Spring2011Eng_610023.pdf
610024,(773) 534-1465,http://schoolreports.cps.edu/SchoolProgressReport_Eng/Spring2011Eng_610024.pdf
610026,(773) 535-2425,http://schoolreports.cps.edu/SchoolProgressReport_Eng/Spring2011Eng_610026.pdf
610027,(773) 535-3151,http://schoolreports.cps.edu/SchoolProgressReport_Eng/Spring2011Eng_610027.pdf
610028,(773) 535-5489,http://schoolreports.cps.edu/SchoolProgressReport_Eng/Spring2011Eng_610028.pdf
610029,(773) 534-4750,http://schoolreports.cps.edu/SchoolProgressReport_Eng/Spring2011Eng_610029.pdf
610030,(773) 535-0980,http://schoolreports.cps.edu/SchoolProgressReport_Eng/Spring2011Eng_610030.pdf
610031,(773) 534-4326,http://schoolreports.cps.edu/SchoolProgressReport_Eng/Spring2011Eng_610031.pdf
610032,(773) 535-2575,http://schoolreports.cps.edu/SchoolProgressReport_Eng/Spring2011Eng_610032.pdf
610033,(773) 534-8470,http://schoolreports.cps.edu/SchoolProgressReport_Eng/Spring2011Eng_610033.pdf
610034,(773) 534-1635,http://schoolreports.cps.edu/SchoolProgressReport_Eng/Spring2011Eng_610034.pdf
610036,(773) 534-3060,http://schoolreports.cps.edu/SchoolProgressReport_Eng/Spring2011Eng_610036.pdf
610037,(773) 535-9050,http://schoolreports.cps.edu/SchoolProgressReport_Eng/Spring2011Eng_610037.pdf
610038,(773) 534-5720,http://schoolreports.cps.edu/SchoolProgressReport_Eng/Spring2011Eng_610038.pdf
610039,(773) 534-5262,http://schoolreports.cps.edu/SchoolProgressReport_Eng/Spring2011Eng_610039.pdf
610040,(773) 534-3070,http://schoolreports.cps.edu/SchoolProgressReport_Eng/Spring2011Eng_610040.pdf
610041,(773) 534-3300,http://schoolreports.cps.edu/SchoolProgressReport_Eng/Spring2011Eng_610041.pdf
610043,(773) 534-3130,http://schoolreports.cps.edu/SchoolProgressReport_Eng/Spring2011Eng_610043.pdf
610044,(773) 534-4300,http://schoolreports.cps.edu/SchoolProgressReport_Eng/Spring2011Eng_610044.pdf
610045,(773) 535-6320,http://schoolreports.cps.edu/SchoolProgressReport_Eng/Spring2011Eng_610045.pdf
610046,(773) 534-3120,http://schoolreports.cps.edu/SchoolProgressReport_Eng/Spring2011Eng_610046.pdf
610047,(773) 535-0551,http://schoolreports.cps.edu/SchoolProgressReport_Eng/Spring2011Eng_610047.pdf
610048,(773) 534-8456,http://schoolreports.cps.edu/SchoolProgressReport_Eng/Spring2011Eng_610048.pdf
610051,(773) 534-3250,http://schoolreports.cps.edu/SchoolProgressReport_Eng/Spring2011Eng_610051.pdf
610052,(773) 535-6640,http://schoolreports.cps.edu/SchoolProgressReport_Eng/Spring2011Eng_610052.pdf
610053,(773) 535-9260,http://schoolreports.cps.edu/SchoolProgressReport_Eng/Spring2011Eng_610053.pdf
610054,(773) 535-6430,http://schoolreports.cps.edu/SchoolProgressReport_Eng/Spring2011Eng_610054.pdf
610055,(773) 534-6670,http://schoolreports.cps.edu/SchoolProgressReport_Eng/Spring2011Eng_610055.pdf
610056,(773) 534-1530,http://schoolreports.cps.edu/SchoolProgressReport_Eng/Spring2011Eng_610056.pdf
610057,(773) 535-9500,http://schoolreports.cps.edu/SchoolProgressReport_Eng/Spring2011Eng_610057.pdf
610058,(773) 534-6140,http://schoolreports.cps.edu/SchoolProgressReport_Eng/Spring2011Eng_610058.pdf
610059,(773) 534-5535,http://schoolreports.cps.edu/SchoolProgressReport_Eng/Spring2011Eng_610059.pdf
610060,(773) 534-7000,http://schoolreports.cps.edu/SchoolProgressReport_Eng/Spring2011Eng_610060.pdf
610061,(773) 535-1260,http://schoolreports.cps.edu/SchoolProgressReport_Eng/Spring2011Eng_610061.pdf
610062,(773) 535-1732,http://schoolreports.cps.edu/SchoolProgressReport_Eng/Spring2011Eng_610062.pdf
610063,(773) 535-7252,http://schoolreports.cps.edu/SchoolProgressReport_Eng/Spring2011Eng_610063.pdf
610065,(773) 535-0570,http://schoolreports.cps.edu/SchoolProgressReport_Eng/Spring2011Eng_610065.pdf
610066,(773) 535-3669,http://schoolreports.cps.edu/SchoolProgressReport_Eng/Spring2011Eng_610066.pdf
610067,(773) 535-9340,http://schoolreports.cps.edu/SchoolProgressReport_Eng/Spring2011Eng_610067.pdf
610068,(773) 534-3100,http://schoolreports.cps.edu/SchoolProgressReport_Eng/Spring2011Eng_610068.pdf
610070,(773) 534-2625,http://schoolreports.cps.edu/SchoolProgressReport_Eng/Spring2011Eng_610070.pdf
610072,(773) 535-3366,http://schoolreports.cps.edu/SchoolProgressReport_Eng/Spring2011Eng_610072.pdf
610073,(773) 534-7655,http://schoolreports.cps.edu/SchoolProgressReport_Eng/Spring2011Eng_610073.pdf
610074,(773) 534-4155,http://schoolreports.cps.edu/SchoolProgressReport_Eng/Spring2011Eng_610074.pdf
610075,(773) 534-7825,http://schoolreports.cps.edu/SchoolProgressReport_Eng/Spring2011Eng_610075.pdf
610076,(773) 534-4340,http://schoolreports.cps.edu/SchoolProgressReport_Eng/Spring2011Eng_610076.pdf
610077,(773) 535-9288,http://schoolreports.cps.edu/SchoolProgressReport_Eng/Spring2011Eng_610077.pdf
610078,(773) 534-5490,http://schoolreports.cps.edu/SchoolProgressReport_Eng/Spring2011Eng_610078.pdf
610081,(773) 534-9120,http://schoolreports.cps.edu/SchoolProgressReport_Eng/Spring2011Eng_610081.pdf
610082,(773) 535-2786,http://schoolreports.cps.edu/SchoolProgressReport_Eng/Spring2011Eng_610082.pdf
610083,(773) 534-1228,http://schoolreports.cps.edu/SchoolProgressReport_Eng/Spring2011Eng_610083.pdf
610084,(773) 535-2636,http://schoolreports.cps.edu/SchoolProgressReport_Eng/Spring2011Eng_610084.pdf
610085,(773) 534-7845,http://schoolreports.cps.edu/SchoolProgressReport_Eng/Spring2011Eng_610085.pdf
610086,(773) 535-2825,http://schoolreports.cps.edu/SchoolProgressReport_Eng/Spring2011Eng_610086.pdf
610087,(773) 535-2076,http://schoolreports.cps.edu/SchoolProgressReport_Eng/Spring2011Eng_610087.pdf
610088,(773) 534-4160,http://schoolreports.cps.edu/SchoolProgressReport_Eng/Spring2011Eng_610088.pdf
610089,(773) 534-5223,http://schoolreports.cps.edu/SchoolProgressReport_Eng/Spring2011Eng_610089.pdf
610090,(773) 535-0585,http://schoolreports.cps.edu/SchoolProgressReport_Eng/Spring2011Eng_610090.pdf
610091,(773) 535-5385,http://schoolreports.cps.edu/SchoolProgressReport_Eng/Spring2011Eng_610091.pdf
610092,(773) 534-6125,http://schoolreports.cps.edu/SchoolProgressReport_Eng/Spring2011Eng_610092.pdf
610093,(773) 535-3000,http://schoolreports.cps.edu/SchoolProgressReport_Eng/Spring2011Eng_610093.pdf
610094,(773) 534-5810,http://schoolreports.cps.edu/SchoolProgressReport_Eng/Spring2011Eng_610094.pdf
610095,(773) 534-8000,http://schoolreports.cps.edu/SchoolProgressReport_Eng/Spring2011Eng_610095.pdf
610096,(773) 535-9270,http://schoolreports.cps.edu/SchoolProgressReport_Eng/Spring2011Eng_610096.pdf
610097,(773) 534-4375,http://schoolreports.cps.edu/SchoolProgressReport_Eng/Spring2011Eng_610097.pdf
610098,(773) 534-4365,http://schoolreports.cps.edu/SchoolProgressReport_Eng/Spring2011Eng_610098.pdf
610099,(773) 534-1198,http://schoolreports.cps.edu/SchoolProgressReport_Eng/Spring2011Eng_610099.pdf
610100,(773) 534-4940,http://schoolreports.cps.edu/SchoolProgressReport_Eng/Spring2011Eng_610100.pdf
610101,(773) 534-8110,http://schoolreports.cps.edu/SchoolProgressReport_Eng/Spring2011Eng_610101.pdf
610102,(773) 535-3060,http://schoolreports.cps.edu/SchoolProgressReport_Eng/Spring2011Eng_610102.pdf
610103,(773) 535-0600,http://schoolreports.cps.edu/SchoolProgressReport_Eng/Spring2011Eng_610103.pdf
610104,(773) 534-1180,http://schoolreports.cps.edu/SchoolProgressReport_Eng/Spring2011Eng_610104.pdf
610105,(773) 534-1201,http://schoolreports.cps.edu/SchoolProgressReport_Eng/Spring2011Eng_610105.pdf
610106,(773) 534-4425,http://schoolreports.cps.edu/SchoolProgressReport_Eng/Spring2011Eng_610106.pdf
610107,(773) 534-7665,http://schoolreports.cps.edu/SchoolProgressReport_Eng/Spring2011Eng_610107.pdf
610108,(773) 535-9040,http://schoolreports.cps.edu/SchoolProgressReport_Eng/Spring2011Eng_610108.pdf
610109,(773) 535-9330,http://schoolreports.cps.edu/SchoolProgressReport_Eng/Spring2011Eng_610109.pdf
610110,(773) 535-1204,http://schoolreports.cps.edu/SchoolProgressReport_Eng/Spring2011Eng_610110.pdf
610111,(773) 534-3704,http://schoolreports.cps.edu/SchoolProgressReport_Eng/Spring2011Eng_610111.pdf
610112,(773) 535-3375,http://schoolreports.cps.edu/SchoolProgressReport_Eng/Spring2011Eng_610112.pdf
610114,(773) 535-1739,http://schoolreports.cps.edu/SchoolProgressReport_Eng/Spring2011Eng_610114.pdf
610115,(773) 535-3070,http://schoolreports.cps.edu/SchoolProgressReport_Eng/Spring2011Eng_610115.pdf
610116,(773) 535-0940,http://schoolreports.cps.edu/SchoolProgressReport_Eng/Spring2011Eng_610116.pdf
610117,(773) 535-2270,http://schoolreports.cps.edu/SchoolProgressReport_Eng/Spring2011Eng_610117.pdf
610119,(773) 534-4170,http://schoolreports.cps.edu/SchoolProgressReport_Eng/Spring2011Eng_610119.pdf
610120,(773) 535-2450,http://schoolreports.cps.edu/SchoolProgressReport_Eng/Spring2011Eng_610120.pdf
610121,(773) 534-7295,http://schoolreports.cps.edu/SchoolProgressReport_Eng/Spring2011Eng_610121.pdf
610122,(773) 534-2440,http://schoolreports.cps.edu/SchoolProgressReport_Eng/Spring2011Eng_610122.pdf
610123,(773) 534-1665,http://schoolreports.cps.edu/SchoolProgressReport_Eng/Spring2011Eng_610123.pdf
610124,(773) 535-6225,http://schoolreports.cps.edu/SchoolProgressReport_Eng/Spring2011Eng_610124.pdf
610125,(773) 535-4825,http://schoolreports.cps.edu/SchoolProgressReport_Eng/Spring2011Eng_610125.pdf
610126,(773) 534-9272,http://schoolreports.cps.edu/SchoolProgressReport_Eng/Spring2011Eng_610126.pdf
610127,(773) 534-5070,http://schoolreports.cps.edu/SchoolProgressReport_Eng/Spring2011Eng_610127.pdf
610128,(773) 535-2763,http://schoolreports.cps.edu/SchoolProgressReport_Eng/Spring2011Eng_610128.pdf
610129,(773) 535-7280,http://schoolreports.cps.edu/SchoolProgressReport_Eng/Spring2011Eng_610129.pdf
610130,(773) 535-3435,http://schoolreports.cps.edu/SchoolProgressReport_Eng/Spring2011Eng_610130.pdf
610131,(773) 534-1789,http://schoolreports.cps.edu/SchoolProgressReport_Eng/Spring2011Eng_610131.pdf
610132,(773) 535-5525,http://schoolreports.cps.edu/SchoolProgressReport_Eng/Spring2011Eng_610132.pdf
610133,(773) 534-6440,http://schoolreports.cps.edu/SchoolProgressReport_Eng/Spring2011Eng_610133.pdf
610134,(773) 534-1795,http://schoolreports.cps.edu/SchoolProgressReport_Eng/Spring2011Eng_610134.pdf
610135,(773) 534-3576,http://schoolreports.cps.edu/SchoolProgressReport_Eng/Spring2011Eng_610135.pdf
610136,(773) 534-5505,http://schoolreports.cps.edu/SchoolProgressReport_Eng/Spring2011Eng_610136.pdf
610137,(773) 534-3460,http://schoolreports.cps.edu/SchoolProgressReport_Eng/Spring2011Eng_610137.pdf
610138,(773) 534-4391,http://schoolreports.cps.edu/SchoolProgressReport_Eng/Spring2011Eng_610138.pdf
610139,(773) 535-5395,http://schoolreports.cps.edu/SchoolProgressReport_Eng/Spring2011Eng_610139.pdf
610141,(773) 534-5525,http://schoolreports.cps.edu/SchoolProgressReport_Eng/Spring2011Eng_610141.pdf
610142,(773) 535-0970,http://schoolreports.cps.edu/SchoolProgressReport_Eng/Spring2011Eng_610142.pdf
610143,(773) 535-1060,http://schoolreports.cps.edu/SchoolProgressReport_Eng/Spring2011Eng_610143.pdf
610144,(773) 534-5250,http://schoolreports.cps.edu/SchoolProgressReport_Eng/Spring2011Eng_610144.pdf
610145,(773) 534-3465,http://schoolreports.cps.edu/SchoolProgressReport_Eng/Spring2011Eng_610145.pdf
610146,(773) 535-0618,http://schoolreports.cps.edu/SchoolProgressReport_Eng/Spring2011Eng_610146.pdf
610147,(773) 534-2125,http://schoolreports.cps.edu/SchoolProgressReport_Eng/Spring2011Eng_610147.pdf
610148,(773) 535-4600,http://schoolreports.cps.edu/SchoolProgressReport_Eng/Spring2011Eng_610148.pdf
610150,(773) 535-0650,http://schoolreports.cps.edu/SchoolProgressReport_Eng/Spring2011Eng_610150.pdf
610152,(773) 535-3085,http://schoolreports.cps.edu/SchoolProgressReport_Eng/Spring2011Eng_610152.pdf
610153,(773) 535-3843,http://schoolreports.cps.edu/SchoolProgressReport_Eng/Spring2011Eng_610153.pdf
610154,(773) 534-6700,http://schoolreports.cps.edu/SchoolProgressReport_Eng/Spring2011Eng_610154.pdf
610155,(773) 534-3470,http://schoolreports.cps.edu/SchoolProgressReport_Eng/Spring2011Eng_610155.pdf
610156,(773) 534-6365,http://schoolreports.cps.edu/SchoolProgressReport_Eng/Spring2011Eng_610156.pdf
610157,(773) 535-0440,http://schoolreports.cps.edu/SchoolProgressReport_Eng/Spring2011Eng_610157.pdf
610158,(773) 534-3351,http://schoolreports.cps.edu/SchoolProgressReport_Eng/Spring2011Eng_610158.pdf
610159,(773) 534-3475,http://schoolreports.cps.edu/SchoolProgressReport_Eng/Spring2011Eng_610159.pdf
610160,(773) 535-5547,http://schoolreports.cps.edu/SchoolProgressReport_Eng/Spring2011Eng_610160.pdf
610161,(773) 535-9175,http://schoolreports.cps.edu/SchoolProgressReport_Eng/Spring2011Eng_610161.pdf
610163,(773) 534-1215,http://schoolreports.cps.edu/SchoolProgressReport_Eng/Spring2011Eng_610163.pdf
610165,(773) 534-3080,http://schoolreports.cps.edu/SchoolProgressReport_Eng/Spring2011Eng_610165.pdf
610167,(773) 535-4890,http://schoolreports.cps.edu/SchoolProgressReport_Eng/Spring2011Eng_610167.pdf
610169,(773) 535-0640,http://schoolreports.cps.edu/SchoolProgressReport_Eng/Spring2011Eng_610169.pdf
610170,(773) 535-4050,http://schoolreports.cps.edu/SchoolProgressReport_Eng/Spring2011Eng_610170.pdf
610171,(773) 535-6360,http://schoolreports.cps.edu/SchoolProgressReport_Eng/Spring2011Eng_610171.pdf
610172,(773) 535-1757,http://schoolreports.cps.edu/SchoolProgressReport_Eng/Spring2011Eng_610172.pdf
610173,(773) 535-0829,http://schoolreports.cps.edu/SchoolProgressReport_Eng/Spring2011Eng_610173.pdf
610174,(773) 535-7285,http://schoolreports.cps.edu/SchoolProgressReport_Eng/Spring2011Eng_610174.pdf
610175,(773) 535-1764,http://schoolreports.cps.edu/SchoolProgressReport_Eng/Spring2011Eng_610175.pdf
610176,(773) 535-2715,http://schoolreports.cps.edu/SchoolProgressReport_Eng/Spring2011Eng_610176.pdf
610177,(773) 534-7790,http://schoolreports.cps.edu/SchoolProgressReport_Eng/Spring2011Eng_610177.pdf
610178,(773) 535-6235,http://schoolreports.cps.edu/SchoolProgressReport_Eng/Spring2011Eng_610178.pdf
610179,(773) 534-3711,http://schoolreports.cps.edu/SchoolProgressReport_Eng/Spring2011Eng_610179.pdf
610180,(773) 534-7180,http://schoolreports.cps.edu/SchoolProgressReport_Eng/Spring2011Eng_610180.pdf
610182,(773) 534-5226,http://schoolreports.cps.edu/SchoolProgressReport_Eng/Spring2011Eng_610182.pdf
610183,(773) 534-6150,http://schoolreports.cps.edu/SchoolProgressReport_Eng/Spring2011Eng_610183.pdf
610184,(773) 534-1700,http://schoolreports.cps.edu/SchoolProgressReport_Eng/Spring2011Eng_610184.pdf
610185,(773) 535-2280,http://schoolreports.cps.edu/SchoolProgressReport_Eng/Spring2011Eng_610185.pdf
610187,(773) 534-2640,http://schoolreports.cps.edu/SchoolProgressReport_Eng/Spring2011Eng_610187.pdf
610188,(773) 535-5517,http://schoolreports.cps.edu/SchoolProgressReport_Eng/Spring2011Eng_610188.pdf
610189,(773) 534-2450,http://schoolreports.cps.edu/SchoolProgressReport_Eng/Spring2011Eng_610189.pdf
610191,(773) 534-2045,http://schoolreports.cps.edu/SchoolProgressReport_Eng/Spring2011Eng_610191.pdf
610192,(773) 534-4175,http://schoolreports.cps.edu/SchoolProgressReport_Eng/Spring2011Eng_610192.pdf
610193,(773) 535-6585,http://schoolreports.cps.edu/SchoolProgressReport_Eng/Spring2011Eng_610193.pdf
610194,(773) 534-6730,http://schoolreports.cps.edu/SchoolProgressReport_Eng/Spring2011Eng_610194.pdf
610195,(773) 535-2580,http://schoolreports.cps.edu/SchoolProgressReport_Eng/Spring2011Eng_610195.pdf
610196,(773) 534-2695,http://schoolreports.cps.edu/SchoolProgressReport_Eng/Spring2011Eng_610196.pdf
610197,(773) 534-7130,http://schoolreports.cps.edu/SchoolProgressReport_Eng/Spring2011Eng_610197.pdf
610198,(773) 535-6240,http://schoolreports.cps.edu/SchoolProgressReport_Eng/Spring2011Eng_610198.pdf
610199,(773) 535-3975,http://schoolreports.cps.edu/SchoolProgressReport_Eng/Spring2011Eng_610199.pdf
610200,(773) 535-6250,http://schoolreports.cps.edu/SchoolProgressReport_Eng/Spring2011Eng_610200.pdf
610201,(773) 534-3640,http://schoolreports.cps.edu/SchoolProgressReport_Eng/Spring2011Eng_610201.pdf
610202,(773) 534-6746,http://schoolreports.cps.edu/SchoolProgressReport_Eng/Spring2011Eng_610202.pdf
610203,(773) 535-9280,http://schoolreports.cps.edu/SchoolProgressReport_Eng/Spring2011Eng_610203.pdf
610205,(773) 534-2430,http://schoolreports.cps.edu/SchoolProgressReport_Eng/Spring2011Eng_610205.pdf
610206,(773) 535-2290,http://schoolreports.cps.edu/SchoolProgressReport_Eng/Spring2011Eng_610206.pdf
610207,(773) 535-2690,http://schoolreports.cps.edu/SchoolProgressReport_Eng/Spring2011Eng_610207.pdf
610208,(773) 535-5300,http://schoolreports.cps.edu/SchoolProgressReport_Eng/Spring2011Eng_610208.pdf
610209,(773) 534-5080,http://schoolreports.cps.edu/SchoolProgressReport_Eng/Spring2011Eng_610209.pdf
610210,(773) 534-4480,http://schoolreports.cps.edu/SchoolProgressReport_Eng/Spring2011Eng_610210.pdf
610212,(773) 534-5108,http://schoolreports.cps.edu/SchoolProgressReport_Eng/Spring2011Eng_610212.pdf
610213,(773) 535-0730,http://schoolreports.cps.edu/SchoolProgressReport_Eng/Spring2011Eng_610213.pdf
610215,(773) 535-4466,http://schoolreports.cps.edu/SchoolProgressReport_Eng/Spring2011Eng_610215.pdf
610216,(773) 534-7950,http://schoolreports.cps.edu/SchoolProgressReport_Eng/Spring2011Eng_610216.pdf
610217,(773) 534-9050,http://schoolreports.cps.edu/SchoolProgressReport_Eng/Spring2011Eng_610217.pdf
610218,(773) 535-6625,http://schoolreports.cps.edu/SchoolProgressReport_Eng/Spring2011Eng_610218.pdf
610219,(773) 535-5010,http://schoolreports.cps.edu/SchoolProgressReport_Eng/Spring2011Eng_610219.pdf
610220,(773) 534-5090,http://schoolreports.cps.edu/SchoolProgressReport_Eng/Spring2011Eng_610220.pdf
610221,(773) 534-6925,http://schoolreports.cps.edu/SchoolProgressReport_Eng/Spring2011Eng_610221.pdf
610223,(773) 535-3394,http://schoolreports.cps.edu/SchoolProgressReport_Eng/Spring2011Eng_610223.pdf
610224,(773) 535-5500,http://schoolreports.cps.edu/SchoolProgressReport_Eng/Spring2011Eng_610224.pdf
610225,(773) 535-5560,http://schoolreports.cps.edu/SchoolProgressReport_Eng/Spring2011Eng_610225.pdf
610226,(773) 535-0457,http://schoolreports.cps.edu/SchoolProgressReport_Eng/Spring2011Eng_610226.pdf
610227,(773) 534-1560,http://schoolreports.cps.edu/SchoolProgressReport_Eng/Spring2011Eng_610227.pdf
610228,(773) 535-4590,http://schoolreports.cps.edu/SchoolProgressReport_Eng/Spring2011Eng_610228.pdf
610229,(773) 534-4415,http://schoolreports.cps.edu/SchoolProgressReport_Eng/Spring2011Eng_610229.pdf
610230,(773) 534-1188,http://schoolreports.cps.edu/SchoolProgressReport_Eng/Spring2011Eng_610230.pdf
610231,(773) 534-9970,http://schoolreports.cps.edu/SchoolProgressReport_Eng/Spring2011Eng_610231.pdf
610232,(773) 534-9245,http://schoolreports.cps.edu/SchoolProgressReport_Eng/Spring2011Eng_610232.pdf
610233,(773) 535-3190,http://schoolreports.cps.edu/SchoolProgressReport_Eng/Spring2011Eng_610233.pdf
610234,(773) 534-4550,http://schoolreports.cps.edu/SchoolProgressReport_Eng/Spring2011Eng_610234.pdf
610235,(773) 534-6200,http://schoolreports.cps.edu/SchoolProgressReport_Eng/Spring2011Eng_610235.pdf
610237,(773) 535-1480,http://schoolreports.cps.edu/SchoolProgressReport_Eng/Spring2011Eng_610237.pdf
610238,(773) 535-3480,http://schoolreports.cps.edu/SchoolProgressReport_Eng/Spring2011Eng_610238.pdf
610239,(773) 535-9091,http://schoolreports.cps.edu/SchoolProgressReport_Eng/Spring2011Eng_610239.pdf
610240,(773) 534-1804,http://schoolreports.cps.edu/SchoolProgressReport_Eng/Spring2011Eng_610240.pdf
610241,(773) 534-6210,http://schoolreports.cps.edu/SchoolProgressReport_Eng/Spring2011Eng_610241.pdf
610242,(773) 534-5766,http://schoolreports.cps.edu/SchoolProgressReport_Eng/Spring2011Eng_610242.pdf
610243,(773) 534-6940,http://schoolreports.cps.edu/SchoolProgressReport_Eng/Spring2011Eng_610243.pdf
610244,(773) 534-6250,http://schoolreports.cps.edu/SchoolProgressReport_Eng/Spring2011Eng_610244.pdf
610245,(773) 534-6176,http://schoolreports.cps.edu/SchoolProgressReport_Eng/Spring2011Eng_610245.pdf
610246,(773) 535-1230,http://schoolreports.cps.edu/SchoolProgressReport_Eng/Spring2011Eng_610246.pdf
610248,(773) 534-0146,http://schoolreports.cps.edu/SchoolProgressReport_Eng/Spring2011Eng_610248.pdf
610249,(773) 535-7850,http://schoolreports.cps.edu/SchoolProgressReport_Eng/Spring2011Eng_610249.pdf
610250,(773) 534-8310,http://schoolreports.cps.edu/SchoolProgressReport_Eng/Spring2011Eng_610250.pdf
610251,(773) 534-6780,http://schoolreports.cps.edu/SchoolProgressReport_Eng/Spring2011Eng_610251.pdf
610252,(773) 534-7160,http://schoolreports.cps.edu/SchoolProgressReport_Eng/Spring2011Eng_610252.pdf
610253,(773) 534-1812,http://schoolreports.cps.edu/SchoolProgressReport_Eng/Spring2011Eng_610253.pdf
610254,(773) 534-1690,http://schoolreports.cps.edu/SchoolProgressReport_Eng/Spring2011Eng_610254.pdf
610256,(773) 535-1777,http://schoolreports.cps.edu/SchoolProgressReport_Eng/Spring2011Eng_610256.pdf
610257,(773) 534-6791,http://schoolreports.cps.edu/SchoolProgressReport_Eng/Spring2011Eng_610257.pdf
610258,(773) 535-1300,http://schoolreports.cps.edu/SchoolProgressReport_Eng/Spring2011Eng_610258.pdf
610263,(773) 535-0690,http://schoolreports.cps.edu/SchoolProgressReport_Eng/Spring2011Eng_610263.pdf
610264,(773) 535-3075,http://schoolreports.cps.edu/SchoolProgressReport_Eng/Spring2011Eng_610264.pdf
610265,(773) 535-3020,http://schoolreports.cps.edu/SchoolProgressReport_Eng/Spring2011Eng_610265.pdf
610266,(773) 535-0750,http://schoolreports.cps.edu/SchoolProgressReport_Eng/Spring2011Eng_610266.pdf
610268,(773) 535-3550,http://schoolreports.cps.edu/SchoolProgressReport_Eng/Spring2011Eng_610268.pdf
610269,(773) 534-2680,http://schoolreports.cps.edu/SchoolProgressReport_Eng/Spring2011Eng_610269.pdf
610271,(773) 534-6840,http://schoolreports.cps.edu/SchoolProgressReport_Eng/Spring2011Eng_610271.pdf
610273,(773) 534-1821,http://schoolreports.cps.edu/SchoolProgressReport_Eng/Spring2011Eng_610273.pdf
610274,(773) 534-1829,http://schoolreports.cps.edu/SchoolProgressReport_Eng/Spring2011Eng_610274.pdf
610276,(773) 535-1804,http://schoolreports.cps.edu/SchoolProgressReport_Eng/Spring2011Eng_610276.pdf
610277,(773) 535-1430,http://schoolreports.cps.edu/SchoolProgressReport_Eng/Spring2011Eng_610277.pdf
610279,(773) 535-3870,http://schoolreports.cps.edu/SchoolProgressReport_Eng/Spring2011Eng_610279.pdf
610280,(773) 535-6422,http://schoolreports.cps.edu/SchoolProgressReport_Eng/Spring2011Eng_610280.pdf
610281,(773) 535-6650,http://schoolreports.cps.edu/SchoolProgressReport_Eng/Spring2011Eng_610281.pdf
610282,(773) 534-8980,http://schoolreports.cps.edu/SchoolProgressReport_Eng/Spring2011Eng_610282.pdf
610283,(773) 535-3587,http://schoolreports.cps.edu/SchoolProgressReport_Eng/Spring2011Eng_610283.pdf
610284,(773) 534-2760,http://schoolreports.cps.edu/SchoolProgressReport_Eng/Spring2011Eng_610284.pdf
610285,(773) 535-9250,http://schoolreports.cps.edu/SchoolProgressReport_Eng/Spring2011Eng_610285.pdf
610287,(773) 535-7860,http://schoolreports.cps.edu/SchoolProgressReport_Eng/Spring2011Eng_610287.pdf
610290,(773) 535-3892,http://schoolreports.cps.edu/SchoolProgressReport_Eng/Spring2011Eng_610290.pdf
610291,(773) 535-2255,http://schoolreports.cps.edu/SchoolProgressReport_Eng/Spring2011Eng_610291.pdf
610293,(773) 534-6850,http://schoolreports.cps.edu/SchoolProgressReport_Eng/Spring2011Eng_610293.pdf
610295,(773) 535-5625,http://schoolreports.cps.edu/SchoolProgressReport_Eng/Spring2011Eng_610295.pdf
610297,(773) 535-6190,http://schoolreports.cps.edu/SchoolProgressReport_Eng/Spring2011Eng_610297.pdf
610298,(773) 535-0040,http://schoolreports.cps.edu/SchoolProgressReport_Eng/Spring2011Eng_610298.pdf
610299,(773) 535-3875,http://schoolreports.cps.edu/SchoolProgressReport_Eng/Spring2011Eng_610299.pdf
610300,(773) 535-3090,http://schoolreports.cps.edu/SchoolProgressReport_Eng/Spring2011Eng_610300.pdf
610304,(773) 534-7275,http://schoolreports.cps.edu/SchoolProgressReport_Eng/Spring2011Eng_610304.pdf
610305,(773) 534-6340,http://schoolreports.cps.edu/SchoolProgressReport_Eng/Spring2011Eng_610305.pdf
610308,(773) 534-7460,http://schoolreports.cps.edu/SchoolProgressReport_Eng/Spring2011Eng_610308.pdf
610312,(773) 535-6404,http://schoolreports.cps.edu/SchoolProgressReport_Eng/Spring2011Eng_610312.pdf
610313,(773) 534-4451,http://schoolreports.cps.edu/SchoolProgressReport_Eng/Spring2011Eng_610313.pdf
610315,(773) 535-5672,http://schoolreports.cps.edu/SchoolProgressReport_Eng/Spring2011Eng_610315.pdf
610316,(773) 535-6416,http://schoolreports.cps.edu/SchoolProgressReport_Eng/Spring2011Eng_610316.pdf
610317,(773) 535-7237,http://schoolreports.cps.edu/SchoolProgressReport_Eng/Spring2011Eng_610317.pdf
610319,(773) 535-4836,http://schoolreports.cps.edu/SchoolProgressReport_Eng/Spring2011Eng_610319.pdf
610320,(773) 534-4230,http://schoolreports.cps.edu/SchoolProgressReport_Eng/Spring2011Eng_610320.pdf
610321,(773) 534-5200,http://schoolreports.cps.edu/SchoolProgressReport_Eng/Spring2011Eng_610321.pdf
610323,(773) 535-7650,http://schoolreports.cps.edu/SchoolProgressReport_Eng/Spring2011Eng_610323.pdf
610325,(773) 534-5350,http://schoolreports.cps.edu/SchoolProgressReport_Eng/Spring2011Eng_610325.pdf
610329,(773) 534-7215,http://schoolreports.cps.edu/SchoolProgressReport_Eng/Spring2011Eng_610329.pdf
610334,(773) 534-6755,http://schoolreports.cps.edu/SchoolProgressReport_Eng/Spring2011Eng_610334.pdf
610336,(773) 534-9235,http://schoolreports.cps.edu/SchoolProgressReport_Eng/Spring2011Eng_610336.pdf
610339,(773) 535-3565,http://schoolreports.cps.edu/SchoolProgressReport_Eng/Spring2011Eng_610339.pdf
610340,(773) 534-0146,http://schoolreports.cps.edu/SchoolProgressReport_Eng/Spring2011Eng_610340.pdf
610342,(773) 534-4491,http://schoolreports.cps.edu/SchoolProgressReport_Eng/Spring2011Eng_610342.pdf
610345,(773) 535-1280,http://schoolreports.cps.edu/SchoolProgressReport_Eng/Spring2011Eng_610345.pdf
610347,(773) 535-8110,http://schoolreports.cps.edu/SchoolProgressReport_Eng/Spring2011Eng_610347.pdf
610348,(773) 534-6860,http://schoolreports.cps.edu/SchoolProgressReport_Eng/Spring2011Eng_610348.pdf
610350,(773) 535-6390,http://schoolreports.cps.edu/SchoolProgressReport_Eng/Spring2011Eng_610350.pdf
610352,(773) 535-2322,http://schoolreports.cps.edu/SchoolProgressReport_Eng/Spring2011Eng_610352.pdf
610353,(773) 535-7000,http://schoolreports.cps.edu/SchoolProgressReport_Eng/Spring2011Eng_610353.pdf
610354,(773) 534-0590,http://schoolreports.cps.edu/SchoolProgressReport_Eng/Spring2011Eng_610354.pdf
610355,(773) 534-5790,http://schoolreports.cps.edu/SchoolProgressReport_Eng/Spring2011Eng_610355.pdf
610357,(773) 534-1997,http://schoolreports.cps.edu/SchoolProgressReport_Eng/Spring2011Eng_610357.pdf
610362,(773) 535-2565,http://schoolreports.cps.edu/SchoolProgressReport_Eng/Spring2011Eng_610362.pdf
610363,(773) 534-5840,http://schoolreports.cps.edu/SchoolProgressReport_Eng/Spring2011Eng_610363.pdf
610364,(773) 535-5582,http://schoolreports.cps.edu/SchoolProgressReport_Eng/Spring2011Eng_610364.pdf
610365,(773) 534-6890,http://schoolreports.cps.edu/SchoolProgressReport_Eng/Spring2011Eng_610365.pdf
610366,(773) 535-2821,http://schoolreports.cps.edu/SchoolProgressReport_Eng/Spring2011Eng_610366.pdf
610367,(773) 534-6800,http://schoolreports.cps.edu/SchoolProgressReport_Eng/Spring2011Eng_610367.pdf
610368,(773) 535-5075,http://schoolreports.cps.edu/SchoolProgressReport_Eng/Spring2011Eng_610368.pdf
610369,(773) 535-3341,http://schoolreports.cps.edu/SchoolProgressReport_Eng/Spring2011Eng_610369.pdf
610380,(773) 535-1120,http://schoolreports.cps.edu/SchoolProgressReport_Eng/Spring2011Eng_610380.pdf
610381,(773) 535-1150,http://schoolreports.cps.edu/SchoolProgressReport_Eng/Spring2011Eng_610381.pdf
610383,(773) 535-4300,http://schoolreports.cps.edu/SchoolProgressReport_Eng/Spring2011Eng_610383.pdf
610384,(773) 535-4225,http://schoolreports.cps.edu/SchoolProgressReport_Eng/Spring2011Eng_610384.pdf
610385,(773) 535-4242,http://schoolreports.cps.edu/SchoolProgressReport_Eng/Spring2011Eng_610385.pdf
610389,(773) 534-6500,http://schoolreports.cps.edu/SchoolProgressReport_Eng/Spring2011Eng_610389.pdf
610390,(773) 534-2890,http://schoolreports.cps.edu/SchoolProgressReport_Eng/Spring2011Eng_610390.pdf
610391,(773) 535-9300,http://schoolreports.cps.edu/SchoolProgressReport_Eng/Spring2011Eng_610391.pdf
610392,(773) 535-4334,http://schoolreports.cps.edu/SchoolProgressReport_Eng/Spring2011Eng_610392.pdf
610394,(773) 534-2875,http://schoolreports.cps.edu/SchoolProgressReport_Eng/Spring2011Eng_610394.pdf
610395,(773) 534-9240,http://schoolreports.cps.edu/SchoolProgressReport_Eng/Spring2011Eng_610395.pdf
610396,(773) 535-4700,http://schoolreports.cps.edu/SchoolProgressReport_Eng/Spring2011Eng_610396.pdf
610402,(773) 697-2216,http://schoolreports.cps.edu/SchoolProgressReport_Eng/Spring2011Eng_610402.pdf
610405,(773) 534-7685,http://schoolreports.cps.edu/SchoolProgressReport_Eng/Spring2011Eng_610405.pdf
610499,(773) 534-1840,http://schoolreports.cps.edu/SchoolProgressReport_Eng/Spring2011Eng_610499.pdf
610501,(773) 534-6300,http://schoolreports.cps.edu/SchoolProgressReport_Eng/Spring2011Eng_610501.pdf
610502,(773) 534-7818,http://schoolreports.cps.edu/SchoolProgressReport_Eng/Spring2011Eng_610502.pdf
610503,(773) 534-6880,http://schoolreports.cps.edu/SchoolProgressReport_Eng/Spring2011Eng_610503.pdf
610504,(773) 535-4088,http://schoolreports.cps.edu/SchoolProgressReport_Eng/Spring2011Eng_610504.pdf
610506,(773) 535-3530,http://schoolreports.cps.edu/SchoolProgressReport_Eng/Spring2011Eng_610506.pdf
610513,(773) 535-1590,http://schoolreports.cps.edu/SchoolProgressReport_Eng/Spring2011Eng_610513.pdf
610515,(773) 534-3750,http://schoolreports.cps.edu/SchoolProgressReport_Eng/Spring2011Eng_610515.pdf
610518,(773) 534-0660,http://schoolreports.cps.edu/SchoolProgressReport_Eng/Spring2011Eng_610518.pdf
610520,(773) 534-0490,http://schoolreports.cps.edu/SchoolProgressReport_Eng/Spring2011Eng_610520.pdf
610521,(773) 535-9120,http://schoolreports.cps.edu/SchoolProgressReport_Eng/Spring2011Eng_610521.pdf
610523,(773) 534-0960,http://schoolreports.cps.edu/SchoolProgressReport_Eng/Spring2011Eng_610523.pdf
610524,(773) 534-5979,http://schoolreports.cps.edu/SchoolProgressReport_Eng/Spring2011Eng_610524.pdf
610529,(773) 534-0866,http://schoolreports.cps.edu/SchoolProgressReport_Eng/Spring2011Eng_610529.pdf
610530,(773) 535-8340,http://schoolreports.cps.edu/SchoolProgressReport_Eng/Spring2011Eng_610530.pdf
610532,(773) 535-8850,http://schoolreports.cps.edu/SchoolProgressReport_Eng/Spring2011Eng_610532.pdf
610533,(773) 534-0210,http://schoolreports.cps.edu/SchoolProgressReport_Eng/Spring2011Eng_610533.pdf
610534,(773) 534-8500,http://schoolreports.cps.edu/SchoolProgressReport_Eng/Spring2011Eng_610534.pdf
610535,(773) 534-1530,http://schoolreports.cps.edu/SchoolProgressReport_Eng/Spring2011Eng_610535.pdf
610539,(773) 534-2960,http://schoolreports.cps.edu/SchoolProgressReport_Eng/Spring2011Eng_610539.pdf
610541,(773) 534-0950,http://schoolreports.cps.edu/SchoolProgressReport_Eng/Spring2011Eng_610541.pdf
610542,(773) 534-8250,http://schoolreports.cps.edu/SchoolProgressReport_Eng/Spring2011Eng_610542.pdf
610543,(773) 535-9070,http://schoolreports.cps.edu/SchoolProgressReport_Eng/Spring2011Eng_610543.pdf
610544,(773) 535-7395,http://schoolreports.cps.edu/SchoolProgressReport_Eng/Spring2011Eng_610544.pdf
